0545e697c1eef5ab	The Last of Us (EU)	v84.00	http://b0.ww.np.dl.playstation.net/tppkg/np/BCES01584/BCES01584_T4/0545e697c1eef5ab/EP9000-BCES01584_00-LASTOFUSPATCH105-A0105-V0100-PE.pkg
876373b9604246ae	Zone of the Enders HD Collection	v56.00	http://b0.ww.np.dl.playstation.net/tppkg/np/BLES01756/BLES01756_T1/876373b9604246ae/EP0101-BLES01756_00-ZOEHDDVDPATCH200-A0200-V0100-PE.pkg
324e4dc5d58b93b3	Sniper Elite 3 - Update v1.04	v01.04	http://b0.ww.np.dl.playstation.net/tppkg/np/BLUS31401/BLUS31401_T5/324e4dc5d58b93b3/UP4040-BLUS31401_00-SNIPERELITE30000-A0104-V0100-PE.pkg
3fcfddac9d43e51e	WWE 2K16 - Update v1.01	v01.01	http://b0.ww.np.dl.playstation.net/tppkg/np/NPUB31743/NPUB31743_T5/3fcfddac9d43e51e/UP1001-NPUB31743_00-WWE2K16DIGITAL01-A0101-V0100-PE.pkg
35760cb2130fa142	Call of Duty Ghosts - Update v1.16	v01.16	http://b0.ww.np.dl.playstation.net/tppkg/np/BLUS31270/BLUS31270_T16/35760cb2130fa142/UP0002-BLUS31270_00-CALLDUTYGHOSTTU1-A0116-V0100-PE.pkg
f9728db1b178f7f8	Need for Speed Most Wanted - Update v1.03	v01.03	http://b0.ww.np.dl.playstation.net/tppkg/np/BLUS31010/BLUS31010_T2/f9728db1b178f7f8/UP0006-BLUS31010_00-NFSMW000PS3000NA-A0103-V0100-PE.pkg
4de82c47bea2d4d2	Need for Speed Most Wanted - Update v1.03	v01.03	http://b0.ww.np.dl.playstation.net/tppkg/np/BLES01659/BLES01659_T2/4de82c47bea2d4d2/EP0006-BLES01659_00-NFSMW000PS300EU1-A0103-V0100-PE.pkg
6f66b925f45ac562	Persona4 The ULTIMAX ULTRA - Update v1.01	v01.01	http://b0.ww.np.dl.playstation.net/tppkg/np/BLJM61209/BLJM61209_T2/6f66b925f45ac562/JP0005-BLJM61209_00-P4U2UPDATEDATA01-A0101-V0100-PE.pkg
d620cefd8e377911	Battlefield 3 - Update v1.09	v01.09	http://b0.ww.np.dl.playstation.net/tppkg/np/BLUS30762/BLUS30762_T9/d620cefd8e377911/UP0006-BLUS30762_00-BF3MPUPDATE00006-A0109-V0100-PE.pkg
4dc38cb9156b155d	Mirror's Edge Update 1.01	v01.01	http://b0.ww.np.dl.playstation.net/tppkg/np/BLUS30179/BLUS30179_T0/4dc38cb9156b155d/UP0006-BLUS30179_00-MEPATCHNA0000001-A0101-V0100-PE.pkg
4e89c40c645d9470	Mirror's Edge Update 1.01	v01.01	http://b0.ww.np.dl.playstation.net/tppkg/np/BLES00322/BLES00322_T0/4e89c40c645d9470/EP0006-BLES00322_00-MEPATCHEU0000001-A0101-V0100-PE.pkg
98cbe261eb02314c	LittleBigPlanet	v41.00	http://b0.ww.np.dl.playstation.net/tppkg/np/BCES00141/BCES00141_T44/98cbe261eb02314c/EP9000-BCES00141_00-GLBPPATCH0000001-A0123-V0100-PE.pkg
e90ffc908c10f4fb	WWE All Stars	v95.00	http://b0.ww.np.dl.playstation.net/tppkg/np/BLES00995/BLES00995_T1/e90ffc908c10f4fb/EP1005-BLES00995_00-WWEASDLCUPDATE02-A0102-V0101-PE.pkg
f888d5e38873ffb5	Gran Turismo 6 (UK)	v77.00	http://b0.ww.np.dl.playstation.net/tppkg/np/BCES01977/BCES01977_T255/f888d5e38873ffb5/EP9001-BCES01977_00-0000000000000000-A0113-V0100-PE.pkg
5460f89ef2e9a406	God of War: Ascension	v42.00	http://b0.ww.np.dl.playstation.net/tppkg/np/BCES01742/BCES01742_T77/5460f89ef2e9a406/EP9000-BCES01742_00-GOWABDPATCH00001-A0105-V0100-PE.pkg
385644bbee517f4a	Gran Turismo 6	v18.00	http://b0.ww.np.dl.playstation.net/tppkg/np/BCAS25018/BCAS25018_T305/385644bbee517f4a/HP9000-BCAS25018_00-0000000000000000-A0113-V0100-PE.pkg
45755cadf6f036f0	Grand Theft Auto V	v07.00	http://b0.ww.np.dl.playstation.net/tppkg/np/BLES01807/BLES01807_T29/45755cadf6f036f0/EP1004-BLES01807_00-GTAVTITLEUPDATER-A0127-V0100-PE.pkg
aa57739cfb3617fe	METAL GEAR SOLID 4 GUNS OF THE PATRIOTS	v09.00	http://b0.ww.np.dl.playstation.net/tppkg/np/BLUS30109/BLUS30109_T0/aa57739cfb3617fe/UP0101-BLUS30109_00-PATCH00000000000-A0200-V0200-PE.pkg
78125ba1e5a5c354	Gran Turismo 5	v14.00	http://b0.ww.np.dl.playstation.net/tppkg/np/BCUS98114/BCUS98114_T62/78125ba1e5a5c354/UP9000-BCUS98114_00-0000000000000000-A0106-V0100-PE.pkg
47d0f0ea0691583c	MOTORSTORM: APOCALYPSE ( BCES00484 )	v84.00	http://b0.ww.np.dl.playstation.net/tppkg/np/BCES00484/BCES00484_T7/47d0f0ea0691583c/EP9000-BCES00484_00-MS3APOCALYPSE000-A0106-V0100-PE.pkg
NPUB31790	GTA San Andreas	v90.00	http://b0.ww.np.dl.playstation.net/tppkg/np/NPUB31790/NPUB31790_T0/2f969aab34639a61/UP1004-NPUB31790_00-GTASANANDREASPS3-A0101-V0100-PE.pkg
5c1e4102b1da603b	Gran Turismo 6	v96.00	http://b0.ww.np.dl.playstation.net/tppkg/np/BCUS98296/BCUS98296_T355/5c1e4102b1da603b/UP9000-BCUS98296_00-0000000000000000-A0103-V0100-PE.pkg
205508319fd36291	LEGO Batman 2: DC Super Heroes	v37.00	http://b0.ww.np.dl.playstation.net/tppkg/np/BLUS30837/BLUS30837_T2/205508319fd36291/UP1018-BLUS30837_00-LEGOBATMAN2PATCH-A0101-V0100-PE.pkg
396024cb5296ef15	LEGO Harry Potter: Years 5-7	v94.00	http://b0.ww.np.dl.playstation.net/tppkg/np/BLUS30794/BLUS30794_T0/396024cb5296ef15/UP1018-BLUS30794_00-LHP2PATCH0000001-A0101-V0100-PE.pkg
85d34ad4d318ea99	LittleBigPlanet 2 (EU)	v50.00	http://b0.ww.np.dl.playstation.net/tppkg/np/BCES00850/BCES00850_T17/85d34ad4d318ea99/EP9000-BCES00850_00-LBP2PATCH0000000-A0101-V0100-PE.pkg
2155f73d70f556a5	Star Wars Pinball	v32.00	http://b0.ww.np.dl.playstation.net/tppkg/np/NPUB31132/NPUB31132_T4/2155f73d70f556a5/UP4042-NPUB31132_00-SWPINBALL0000001-A0105-V0100-PE.pkg
42602b0fd9bfcc1c	MARVEL Pinball	v82.00	http://b0.ww.np.dl.playstation.net/tppkg/np/NPUB30182/NPUB30182_T8/42602b0fd9bfcc1c/UP4042-NPUB30182_00-MARVELPINBALL001-A0106-V0100-PE.pkg
7760bda1355597f2	Zen Pinball 2	v73.00	http://b0.ww.np.dl.playstation.net/tppkg/np/NPUB30573/NPUB30573_T20/7760bda1355597f2/UP4042-NPUB30573_00-ZENPINBALL200001-A0114-V0100-PE.pkg
58500f674db3810d	STRANGLEHOLD	v80.00	http://sonycoment-6.vo.llnwd.net/tppkg/np/BLUS30080/BLUS30080_T0/58500f674db3810d/UP0178-BLUS30080_00-STRANGLEHOLDPTCH-PE.pkg?product=008E
3f7b14fd7d9950a7	MAG	v10.00	http://b0.ww.np.dl.playstation.net/tppkg/np/BCUS98110/BCUS98110_T10/3f7b14fd7d9950a7/UP9000-BCUS98110_00-MAGPATCH00000001-A0201-V0100-PE.pkg
6a62aff8f4bbb2de	RIDGE RACER 7 (UPDATE) 2.01	v02.01	http://b0.ww.np.dl.playstation.net/tppkg/np/BCAS20001/BCAS20001_T0/6a62aff8f4bbb2de/HP0700-BCAS20001_00-STEREO3DPATCHPAC-A0201-V0300-PE.pkg
feaeff02ea8c060d	LittleBigPlanet 2 Blu-ray Disc update 1.01	v01.01	http://b0.ww.np.dl.playstation.net/tppkg/np/BCUS98245/BCUS98245_T1/feaeff02ea8c060d/UP9000-BCUS98245_00-LBP2PATCH0000000-A0101-V0100-PE.pkg
6fdb84e8f1d60a1e	SingStar ABBA update	v92.00	http://b0.ww.np.dl.playstation.net/tppkg/np/BCUS98192/BCUS98192_T63/6fdb84e8f1d60a1e/UP9000-BCUS98192_00-SINGSTARPS3V0510-A0510-V0100-PE.pkg
c5b0fa98ecbf622b	SingStar Queen update	v06.00	http://b0.ww.np.dl.playstation.net/tppkg/np/BCUS98206/BCUS98206_T58/c5b0fa98ecbf622b/UP9000-BCUS98206_00-SINGSTARPS3V0510-A0510-V0100-PE.pkg
68fab0761647a83a	SingStar update	v51.00	http://b0.ww.np.dl.playstation.net/tppkg/np/BCUS98151/BCUS98151_T71/68fab0761647a83a/UP9000-BCUS98151_00-SINGSTARPS3V0510-A0510-V0100-PE.pkg
0a8733486f2e7559	SingStar update	v51.00	http://b0.ww.np.dl.playstation.net/tppkg/np/BCUS98151/BCUS98151_T88/0a8733486f2e7559/UP9000-BCUS98151_00-SINGSTARPS3V0512-A0512-V0100-PE.pkg
dba5237f31650e53	SingStar Vol.2 update	v78.00	http://b0.ww.np.dl.playstation.net/tppkg/np/BCUS98178/BCUS98178_T64/dba5237f31650e53/UP9000-BCUS98178_00-SINGSTARPS3V0510-A0510-V0100-PE.pkg
849ddc158ce040cf	SingStar A Tutto Pop update	v45.00	http://b0.ww.np.dl.playstation.net/tppkg/np/BCES00345/BCES00345_T68/849ddc158ce040cf/EP9000-BCES00345_00-SINGSTARPS3V0510-A0510-V0100-PE.pkg
bedb787d44af3529	SingStar ABBA update	v81.00	http://b0.ww.np.dl.playstation.net/tppkg/np/BCES00381/BCES00381_T73/bedb787d44af3529/EP9000-BCES00381_00-SINGSTARPS3V0510-A0510-V0100-PE.pkg
51178e2d748b8cf4	SingStar ABBA update	v81.00	http://b0.ww.np.dl.playstation.net/tppkg/np/BCES00381/BCES00381_T92/51178e2d748b8cf4/EP9000-BCES00381_00-SINGSTARPS3V0512-A0512-V0100-PE.pkg
c618bb2d7d876e84	SingStar Chartbreaker update	v40.00	http://b0.ww.np.dl.playstation.net/tppkg/np/BCES00640/BCES00640_T60/c618bb2d7d876e84/EP9000-BCES00640_00-SINGSTARPS3V0510-A0510-V0100-PE.pkg
9bef8213ba22dfee	SingStar Dance update	v53.00	http://b0.ww.np.dl.playstation.net/tppkg/np/BCAS20153/BCAS20153_T12/9bef8213ba22dfee/HP9000-BCAS20153_00-SINGSTARPS3V0513-A0513-V0100-PE.pkg
e76acccc985499d6	SingStar Fussballhits update	v69.00	http://b0.ww.np.dl.playstation.net/tppkg/np/BCES00869/BCES00869_T30/e76acccc985499d6/EP9000-BCES00869_00-SINGSTARPS3V0510-A0510-V0100-PE.pkg
a645c4bd49da9373	SingStar Guitar update	v35.00	http://b0.ww.np.dl.playstation.net/tppkg/np/BCES00835/BCES00835_T5/a645c4bd49da9373/EP9000-BCES00835_00-SINGSTARPS3V0510-A0510-V0100-PE.pkg
6118413780c63648	SingStar Hits update	v64.00	http://b0.ww.np.dl.playstation.net/tppkg/np/BCES00264/BCES00264_T74/6118413780c63648/EP9000-BCES00264_00-SINGSTARPS3V0510-A0510-V0100-PE.pkg
a3a025da5cd0a80e	SingStar Latino update	v44.00	http://b0.ww.np.dl.playstation.net/tppkg/np/BCUS94344/BCUS94344_T78/a3a025da5cd0a80e/UP9000-BCUS94344_00-SINGSTARPS3V0512-A0512-V0100-PE.pkg
c70118543f7897a8	SingStar Made In Germany update	v14.00	http://b0.ww.np.dl.playstation.net/tppkg/np/BCES00614/BCES00614_T64/c70118543f7897a8/EP9000-BCES00614_00-SINGSTARPS3V0510-A0510-V0100-PE.pkg
9c2efab209fff655	SingStar Mallorca Party update	v19.00	http://b0.ww.np.dl.playstation.net/tppkg/np/BCES00519/BCES00519_T66/9c2efab209fff655/EP9000-BCES00519_00-SINGSTARPS3V0510-A0510-V0100-PE.pkg
d061ce8b7449016f	SingStar Motown update	v96.00	http://b0.ww.np.dl.playstation.net/tppkg/np/BCES00596/BCES00596_T66/d061ce8b7449016f/EP9000-BCES00596_00-SINGSTARPS3V0510-A0510-V0100-PE.pkg
db84e4d4f4fa8cea	SingStar Pop 2009 update	v42.00	http://b0.ww.np.dl.playstation.net/tppkg/np/BCES00342/BCES00342_T68/db84e4d4f4fa8cea/EP9000-BCES00342_00-SINGSTARPS3V0510-A0510-V0100-PE.pkg
d81895f41e92c7c7	SingStar Pop Edition update	v93.00	http://b0.ww.np.dl.playstation.net/tppkg/np/BCES00293/BCES00293_T68/d81895f41e92c7c7/EP9000-BCES00293_00-SINGSTARPS3V0510-A0510-V0100-PE.pkg
81d3e75c93ed852d	SingStar Pop Edition update	v41.00	http://b0.ww.np.dl.playstation.net/tppkg/np/BCES00341/BCES00341_T68/81d3e75c93ed852d/EP9000-BCES00341_00-SINGSTARPS3V0510-A0510-V0100-PE.pkg
e0f4583d29e32f1a	SingStar Portugal Hits update	v71.00	http://b0.ww.np.dl.playstation.net/tppkg/np/BCES00871/BCES00871_T12/e0f4583d29e32f1a/EP9000-BCES00871_00-SINGSTARPS3V0510-A0510-V0100-PE.pkg
ec42d07b7345220b	SingStar Queen update	v94.00	http://b0.ww.np.dl.playstation.net/tppkg/np/BCES00494/BCES00494_T71/ec42d07b7345220b/EP9000-BCES00494_00-SINGSTARPS3V0510-A0510-V0100-PE.pkg
29d07aecbd14ad87	SingStar SuomiHitit update	v47.00	http://b0.ww.np.dl.playstation.net/tppkg/np/BCES00847/BCES00847_T13/29d07aecbd14ad87/EP9000-BCES00847_00-SINGSTARPS3V0510-A0510-V0100-PE.pkg
c0cbef00935c5a7a	SingStar Take That update	v07.00	http://b0.ww.np.dl.playstation.net/tppkg/np/BCES00607/BCES00607_T64/c0cbef00935c5a7a/EP9000-BCES00607_00-SINGSTARPS3V0510-A0510-V0100-PE.pkg
7f19c3a396aa5bd7	SingStar update	v31.00	http://b0.ww.np.dl.playstation.net/tppkg/np/BCES00031/BCES00031_T83/7f19c3a396aa5bd7/EP9000-BCES00031_00-SINGSTARPS3V0510-A0510-V0100-PE.pkg
e3cc3d23ea533570	SingStar update	v31.00	http://b0.ww.np.dl.playstation.net/tppkg/np/BCES00031/BCES00031_T101/e3cc3d23ea533570/EP9000-BCES00031_00-SINGSTARPS3V0512-A0512-V0100-PE.pkg
243f9abd43b06333	SingStar update	v11.00	http://b0.ww.np.dl.playstation.net/tppkg/np/BCES00011/BCES00011_T87/243f9abd43b06333/EP9000-BCES00011_00-SINGSTARPS3V0510-A0510-V0100-PE.pkg
5a10b92ef99b8f87	SingStar update	v11.00	http://b0.ww.np.dl.playstation.net/tppkg/np/BCES00011/BCES00011_T106/5a10b92ef99b8f87/EP9000-BCES00011_00-SINGSTARPS3V0512-A0512-V0100-PE.pkg
e9af9df6b77e8dd1	SingStar update	v30.00	http://b0.ww.np.dl.playstation.net/tppkg/np/BCES00030/BCES00030_T84/e9af9df6b77e8dd1/EP9000-BCES00030_00-SINGSTARPS3V0510-A0510-V0100-PE.pkg
49decefcd17df25b	SingStar Vol 2 update	v33.00	http://b0.ww.np.dl.playstation.net/tppkg/np/BCES00233/BCES00233_T79/49decefcd17df25b/EP9000-BCES00233_00-SINGSTARPS3V0510-A0510-V0100-PE.pkg
474dd1e7bd227c57	SingStar Vol 2 update	v33.00	http://b0.ww.np.dl.playstation.net/tppkg/np/BCES00233/BCES00233_T97/474dd1e7bd227c57/EP9000-BCES00233_00-SINGSTARPS3V0512-A0512-V0100-PE.pkg
4dfe2743c2f9f52d	SingStar Vol 2 update	v34.00	http://b0.ww.np.dl.playstation.net/tppkg/np/BCES00234/BCES00234_T79/4dfe2743c2f9f52d/EP9000-BCES00234_00-SINGSTARPS3V0510-A0510-V0100-PE.pkg
121dca43804d2480	SingStar Vol 2 update	v85.00	http://b0.ww.np.dl.playstation.net/tppkg/np/BCES00185/BCES00185_T81/121dca43804d2480/EP9000-BCES00185_00-SINGSTARPS3V0510-A0510-V0100-PE.pkg
32e91eb9a1a1be45	SingStar Vol 2 update	v85.00	http://b0.ww.np.dl.playstation.net/tppkg/np/BCES00185/BCES00185_T113/32e91eb9a1a1be45/EP9000-BCES00185_00-SINGSTARPS3V0513-A0513-V0100-PE.pkg
05d9db3983a8e34f	SingStar Vol.3 update	v65.00	http://b0.ww.np.dl.playstation.net/tppkg/np/BCES00265/BCES00265_T75/05d9db3983a8e34f/EP9000-BCES00265_00-SINGSTARPS3V0510-A0510-V0100-PE.pkg
b726f47003bf83f7	SingStar Vol.3 update	v65.00	http://b0.ww.np.dl.playstation.net/tppkg/np/BCES00265/BCES00265_T105/b726f47003bf83f7/EP9000-BCES00265_00-SINGSTARPS3V0513-A0513-V0100-PE.pkg
86231dfb2a35cbd5	SingStar Vol.3 update	v66.00	http://b0.ww.np.dl.playstation.net/tppkg/np/BCES00266/BCES00266_T73/86231dfb2a35cbd5/EP9000-BCES00266_00-SINGSTARPS3V0510-A0510-V0100-PE.pkg
3214c5ca91eeb12b	SingStar Vol.3 update	v66.00	http://b0.ww.np.dl.playstation.net/tppkg/np/BCES00266/BCES00266_T103/3214c5ca91eeb12b/EP9000-BCES00266_00-SINGSTARPS3V0513-A0513-V0100-PE.pkg
18f8d76fa42ba61e	SingStar Vol.3 update	v16.00	http://b0.ww.np.dl.playstation.net/tppkg/np/BCES00216/BCES00216_T76/18f8d76fa42ba61e/EP9000-BCES00216_00-SINGSTARPS3V0510-A0510-V0100-PE.pkg
47f4b88ee4ebcd2b	SingStar Vol.3 update	v16.00	http://b0.ww.np.dl.playstation.net/tppkg/np/BCES00216/BCES00216_T106/47f4b88ee4ebcd2b/EP9000-BCES00216_00-SINGSTARPS3V0513-A0513-V0100-PE.pkg
5b9a14961f44c982	SOCOM: Confrontation	v73.00	http://b0.ww.np.dl.playstation.net/tppkg/np/BCES00173/BCES00173_T8/5b9a14961f44c982/EP9000-BCES00173_00-GSOCOMCONF000001-A0161-V0100-PE.pkg
3bccc819eeec9bec	SOCOM: U.S. Navy SEALs Confrontation	v52.00	http://b0.ww.np.dl.playstation.net/tppkg/np/BCUS98152/BCUS98152_T14/3bccc819eeec9bec/UP9000-BCUS98152_00-GSOCOMCONF000001-A0161-V0100-PE.pkg
bf22632dd73e7d94	SOCOM: U.S. Navy SEALs Confrontation	v83.00	http://b0.ww.np.dl.playstation.net/tppkg/np/BCUS98183/BCUS98183_T16/bf22632dd73e7d94/UP9000-BCUS98183_00-GSOCOMCONF000001-A0161-V0100-PE.pkg
c5c9d4659568b252	Gran Turismo 5	v69.00	http://b0.ww.np.dl.playstation.net/tppkg/np/BCES00569/BCES00569_T60/c5c9d4659568b252/EP9001-BCES00569_00-0000000000000000-A0212-V0100-PE.pkg
2f81cc9ecaf47fa5	LittleBigPlanet Karting Update Version 1.11	v01.11	http://b0.ww.np.dl.playstation.net/tppkg/np/BCUS98254/BCUS98254_T34/2f81cc9ecaf47fa5/UP9000-BCUS98254_00-UFGLBPKARTING001-A0111-V0100-PE.pkg
dbe4f0291f4761e8	WWE 2K14	v37.00	http://b0.ww.np.dl.playstation.net/tppkg/np/BLES01937/BLES01937_T1/dbe4f0291f4761e8/EP1001-BLES01937_00-WWE2K14PACK2CA00-A0102-V0100-PE.pkg
5fba8730a70d9f26	ジョジョの奇妙な冒険 オールスターバトル ゲームデータ	v17.00	http://b0.ww.np.dl.playstation.net/tppkg/np/BLJS10217/BLJS10217_T3/5fba8730a70d9f26/JP0700-BLJS10217_00-DISCPATCH000R103-A0103-V0100-PE.pkg
66a90dcb4f616365	WWE 2K14	v37.00	http://b0.ww.np.dl.playstation.net/tppkg/np/BLES01937/BLES01937_T2/66a90dcb4f616365/EP1001-BLES01937_00-WWE2K14PACK4CA00-A0103-V0100-PE.pkg
380c364c5ec88ae9	Naughty Bear	v45.00	http://b0.ww.np.dl.playstation.net/tppkg/np/BLES00945/BLES00945_T4/380c364c5ec88ae9/EP4040-BLES00945_00-TROPHY0000000001-A0102-V0100-PE.pkg
e6af59afead7071f	Call of Duty: World at War	v54.00	http://b0.ww.np.dl.playstation.net/tppkg/np/BLES00354/BLES00354_T6/e6af59afead7071f/EP0002-BLES00354_00-CODWAWMAPPACK105-A0107-V0100-PE.pkg
a8c93d81c6aae9dd	Call Of Duty 4: Modern Warfare	v56.00	http://b0.ww.np.dl.playstation.net/tppkg/np/BLES00156/BLES00156_T3/a8c93d81c6aae9dd/EP0002-BLES00156_00-CALLOFDUTYPATCH3-A0140-V0101-PE.pkg
26fa5ee798c74b36	Call Of Duty 4: Modern Warfare	v13.00	http://b0.ww.np.dl.playstation.net/tppkg/np/BLJS10013/BLJS10013_T3/26fa5ee798c74b36/JP0088-BLJS10013_00-CALLOFDUTYPATCH3-A0140-V0101-PE.pkg
c7cd004eca430434	Call of Duty: Black Ops	v31.00	http://b0.ww.np.dl.playstation.net/tppkg/np/BLES01031/BLES01031_T12/c7cd004eca430434/EP0002-BLES01031_00-CODBLOPSPATCH012-A0113-V0100-PE.pkg
29af8ff1957ddce5	Modern Warfare 3	v28.00	http://b0.ww.np.dl.playstation.net/tppkg/np/BLES01428/BLES01428_T24/29af8ff1957ddce5/EP0002-BLES01428_00-MW3P000000000124-A0124-V0100-PE.pkg
d3a0f50f8144d702	Modern Warfare 3	v29.00	http://b0.ww.np.dl.playstation.net/tppkg/np/BLES01429/BLES01429_T24/d3a0f50f8144d702/EP0002-BLES01429_00-MW3P000000000124-A0124-V0100-PE.pkg
9f61bde93da766cc	Modern Warfare 3	v38.00	http://b0.ww.np.dl.playstation.net/tppkg/np/BLUS30838/BLUS30838_T24/9f61bde93da766cc/UP0002-BLUS30838_00-MW3P000000000124-A0124-V0100-PE.pkg
f2df391a76911a40	Call of Duty: Black Ops II (BLUS31011)	v11.00	http://b0.ww.np.dl.playstation.net/tppkg/np/BLUS31011/BLUS31011_T20/f2df391a76911a40/UP0002-BLUS31011_00-CODBLOPS2PATCH09-A0118-V0100-PE.pkg
2106a59c01aec2fc	Call of Duty: Black Ops II (BLES01717)	v17.00	http://b0.ww.np.dl.playstation.net/tppkg/np/BLES01717/BLES01717_T21/2106a59c01aec2fc/EP0002-BLES01717_00-CODBLOPS2PATCH09-A0118-V0100-PE.pkg
925c819a322c42fb	Call of Duty: Black Ops II (BLES01718)	v18.00	http://b0.ww.np.dl.playstation.net/tppkg/np/BLES01718/BLES01718_T18/925c819a322c42fb/EP0002-BLES01718_00-CODBLOPS2PATCH09-A0118-V0100-PE.pkg
b32410152c5686d7	Call of Duty: Black Ops II (BLES01720)	v20.00	http://b0.ww.np.dl.playstation.net/tppkg/np/BLES01720/BLES01720_T18/b32410152c5686d7/EP0002-BLES01720_00-CODBLOPS2PATCH09-A0118-V0100-PE.pkg
1412e19156f10cc6	Call of Duty: Black Ops II (BLES01719)	v19.00	http://b0.ww.np.dl.playstation.net/tppkg/np/BLES01719/BLES01719_T18/1412e19156f10cc6/EP0002-BLES01719_00-CODBLOPS2PATCH09-A0218-V0100-PE.pkg
5efc53fe2963e3ea	ソードアート・オンライン ―ロスト・ソング― アップデートデータ	v12.00	http://b0.ww.np.dl.playstation.net/tppkg/np/BLJS10312/BLJS10312_T4/5efc53fe2963e3ea/JP0700-BLJS10312_00-DISCPATCH0000001-A0105-V0100-PE.pkg
41cab89da291ed07	FIFA 18	v44.00	http://b0.ww.np.dl.playstation.net/tppkg/np/NPEB02444/NPEB02444_T2/41cab89da291ed07/EP0006-NPEB02444_00-FIFA18PSNDIGITAL-A0103-V0100-PE.pkg
4d88b2d149dac264	Just Dance 2014	v43.00	http://b0.ww.np.dl.playstation.net/tppkg/np/NPEB01843/NPEB01843_T0/4d88b2d149dac264/EP0001-NPEB01843_00-JUSTDANCE2014001-A0101-V0100-PE.pkg
2dd81f81207c9cf9	R.U.S.E. (Patch / DLC)	v63.00	http://b0.ww.np.dl.playstation.net/tppkg/np/BLES00786/BLES00786_T0/2dd81f81207c9cf9/EP0001-BLES00786_00-RUSEPS3XPATCH001-A0101-V0100-PE.pkg
6d28f18b63a44a18	Tom Clancy's Ghost Recon Future Soldier - Multiplayer Beta	v22.00	http://b0.ww.np.dl.playstation.net/tppkg/np/BLET70022/BLET70022_T0/6d28f18b63a44a18/EP0001-BLET70022_00-BETASCEE00000151-A0101-V0100-PE.pkg
b094e806f2f9285a	Call of Duty Advanced Warfare (BLES-02077)	v77.00	http://b0.ww.np.dl.playstation.net/tppkg/np/BLES02077/BLES02077_T14/b094e806f2f9285a/EP0002-BLES02077_00-CODAW0000000TU20-A0120-V0100-PE.pkg
0b4856adb68a2de9	FIFA 15	v49.00	http://b0.ww.np.dl.playstation.net/tppkg/np/BLES02049/BLES02049_T5/0b4856adb68a2de9/EP0006-BLES02049_00-FIFA150000000000-A0105-V0100-PE.pkg
dfc43a813a29a8fc	DEAD OR ALIVE 5 Last Round	v50.00	http://b0.ww.np.dl.playstation.net/tppkg/np/NPUB31650/NPUB31650_T5/dfc43a813a29a8fc/UP4108-NPUB31650_00-DOA5LRHDDBOOT000-A0104-V0100-PE.pkg
d7f2fd0baf5cbe38	BioShock 2 Downloadable Content	v28.00	http://b0.ww.np.dl.playstation.net/tppkg/np/BLES00728/BLES00728_T6/d7f2fd0baf5cbe38/EP1001-BLES00728_00-BS2PATCHSCEEF003-A0103-V0100-PE.pkg
7eac06d8541a84bb	OneChanbara Z ~Kagura~ With NoNoNo!	v21.00	http://b0.ww.np.dl.playstation.net/tppkg/np/BLJS10221/BLJS10221_T2/7eac06d8541a84bb/JP0367-BLJS10221_00-PATCH0100000ANEZ-A0102-V0100-PE.pkg
7503d8cc3871738b	METAL GEAR SOLID V: THE PHANTOM PAIN(CHN,KOR)	v15.00	http://b0.ww.np.dl.playstation.net/tppkg/np/BLAS50815/BLAS50815_T11/7503d8cc3871738b/HP0101-BLAS50815_00-MAINGAME00000000-A0108-V0101-PE.pkg
17c17042ffbd728a	Resistance 2 Public Beta	v07.00	http://b0.ww.np.dl.playstation.net/tppkg/np/BCET70007/BCET70007_T1/17c17042ffbd728a/EP9000-BCET70007_00-R2PUBLICBETA0001-A0103-V0100-PE.pkg
8d0794973a337c6a	SOCOM: U.S. Navy SEALs Confrontation Public Beta	v15.00	http://b0.ww.np.dl.playstation.net/tppkg/np/NPUA70015/NPUA70015_T10/8d0794973a337c6a/UP9000-NPUA70015_00-GBETASOCOM000001-A0160-V0100-PE.pkg
5fba8730a70d9f26	ジョジョの奇妙な冒険 オールスターバトル ゲームデータ	v17.00	http://b0.ww.np.dl.playstation.net/tppkg/np/BLJS10217/BLJS10217_T3/5fba8730a70d9f26/JP0700-BLJS10217_00-DISCPATCH000R104-A0104-V0100-PE.pkg
